protein1_uniprot,protein2_uniprot,interaction_type
P23511,Q92624,1
Q92934,P31947,1
Q92934,Q01844,1
P14209,Q9UMX0,1
Q9Y6D9,Q9Y6D9,1
Q9Y6D9,Q9Y2I6,1
Q9Y6D9,Q9Y2J4,1
Q9Y6D9,Q8IYF3,1
Q9Y6D9,Q14134,1
Q9Y6D9,Q9UGJ1,1
Q9Y6D9,Q15233,1
Q9Y6D9,Q13257,1
Q9Y6D9,Q96AQ9,1
Q14847,Q15645,1
Q14847,Q99750,1
Q14847,Q13643,1
Q14847,O15162,1
O75800,Q9Y3Q8,1
O14641,O14641,1
O14641,O14978,1
O14641,P26368,1
O14641,Q9BXS5,1
O14641,Q9UNA4,1
O14641,P45974,1
O14641,O43395,1
O14641,P36575,1
O14641,O60504,1
O14641,Q9H0I2,1
O14641,Q12933,1
O14641,Q9BQY4,1
O14641,Q9NVV9,1
O14641,Q8N4T4,1
O14641,Q8TBE0,1
O14641,Q8N5R6,1
O14641,Q96CG3,1
O14641,Q8N684,1
O14641,O95817,1
O14641,Q96BN8,1
O14641,Q93062,1
O14641,Q96H20,1
O14641,Q96BR9,1
O14641,Q96CW1,1
O14641,Q7Z7J5,1
O14641,Q8TAD8,1
O14641,P61457,1
O14641,Q8WTU0,1
O14641,Q96EZ8,1
O14641,P15622,1
O14641,P49910,1
O14641,Q15287,1
O14641,Q8IYF1,1
O14641,P49674,1
O14641,Q5U045,1
Q6FI81,O76003,1
Q7L5A3,Q15834,1
Q96EN9,Q99750,1
P63010,Q9BXS5,1
P63010,P40692,1
P63010,Q96C10,1
P63010,Q16626,1
P63010,Q9H4K1,1
P63010,Q9Y6Q5,1
P63010,Q9NVV9,1
P63010,O75348,1
P63010,Q9UGJ1,1
P63010,Q7Z3B4,1
P63010,Q9NVZ3,1
P63010,Q5SW96,1
P63010,Q96CW1,1
P63010,Q9NYB0,1
P63010,Q5VWP2,1
P63010,Q6ZU52,1
P63010,Q96HA1,1
O14978,Q9NWS9,1
O14978,Q9NZD8,1
O14978,Q9UMX1,1
O14978,Q9Y5B8,1
O14978,Q8WV44,1
O14978,P57086,1
O14978,O95967,1
O14978,Q9H8W4,1
O75865,O43617,1
O75865,O43281,1
O75865,O60232,1
O75865,O95073,1
P42679,Q01844,1
Q99594,Q9GZV5,1
Q99594,P56545,1
O95544,Q8TBB1,1
O95544,O76003,1
O95544,Q6ZVK8,1
O43739,Q9P1Z2,1
O43739,Q969H4,1
Q16526,Q99750,1
Q16526,Q13191,1
Q16526,Q12933,1
Q16526,O15162,1
Q16526,Q9BQ66,1
Q9NP79,Q7Z6G3,1
Q9NP79,Q9UI14,1
Q9NP79,Q05516,1
Q9NP79,Q53G59,1
Q9NP79,P11802,1
Q9NP79,Q9NS73,1
Q9NP79,P49247,1
Q9NP79,P35520,1
Q9NP79,Q7Z7J5,1
Q9NP79,O60232,1
Q9NP79,Q8WZ19,1
Q9NP79,P43364,1
Q9NP79,Q14596,1
Q0D2I5,Q15027,1
Q0D2I5,Q13426,1
Q0D2I5,Q96D59,1
Q9BT04,Q9BU20,1
Q14241,Q9Y2I6,1
P26599,P26599,1
P26599,P09012,1
P26599,Q13137,1
Q9Y2Y4,Q9BQY4,1
P07992,Q96S82,1
Q9P1Z2,O14777,1
Q9P1Z2,P53672,1
Q9P1Z2,P19012,1
Q9P1Z2,P15407,1
P43686,P62195,1
P43686,O75832,1
P16444,Q96EK5,1
P43243,P61978,1
Q8IVD9,P63279,1
Q15311,Q96ED9,1
Q15311,P11234,1
Q9GZV5,Q15561,1
Q9NTW7,Q5JR59,1
Q9NTW7,Q9BUH8,1
Q9H4E7,Q9BUH8,1
P08670,Q9HD26,1
P08670,O14639,1
P08670,O00151,1
P08670,Q9H4K1,1
P08670,P25786,1
P08670,P14136,1
P08670,O95251,1
P08670,Q9UGJ1,1
P08670,Q9BT92,1
P08670,Q96GX9,1
P08670,Q53TS8,1
P08670,O95990,1
P08670,P35900,1
P08670,Q9BVI4,1
P08670,Q6ZU52,1
P08670,Q9GZT8,1
Q16611,Q07817,1
P28799,Q96AQ9,1
P56589,P40855,1
P60520,Q9GZZ9,1
P60520,Q9BXK5,1
P60520,Q9UH92,1
P60520,Q92609,1
P60520,Q13137,1
P60520,Q13501,1
Q96HL8,P14136,1
P18206,Q15654,1
P18206,Q0VDD7,1
P18206,Q9NYB9,1
O75604,Q96ED9,1
O75604,Q12933,1
O75604,Q7L4P6,1
O75604,P19012,1
O75604,Q15834,1
O75604,Q9BUH8,1
Q9BV20,Q9BV20,1
Q9UBP6,P57081,1
O94993,Q13145,1
O94993,Q12933,1
O94993,O95989,1
Q96T60,O94972,1
Q96T60,Q9NP98,1
Q96T60,P43364,1
Q96T60,Q9BQ66,1
Q96GG9,Q15038,1
Q96GG9,Q9HCM9,1
Q13094,O75791,1
Q9Y2I8,Q01844,1
Q9NRF8,Q9NRF8,1
Q9NRF8,Q9NZD8,1
Q96EV8,Q9P2A4,1
Q96EV8,P30281,1
Q96EV8,Q9BY27,1
Q96EV8,P53365,1
Q8TAP4,P07910,1
Q8TAP4,P52272,1
Q8TAP4,Q06547,1
Q8TAP4,Q9BQD3,1
Q8TAP4,Q13155,1
Q8TAP4,Q99750,1
Q8TAP4,Q8IXK0,1
Q8TAP4,Q8N187,1
Q8TAP4,Q5SW79,1
Q8TAP4,Q9NS73,1
Q8TAP4,Q96BR9,1
Q8TAP4,O43298,1
Q8TAP4,Q15834,1
Q8TAP4,Q86SE5,1
Q8TAP4,Q8HWS3,1
Q8TAP4,Q86U70,1
Q15836,Q12846,1
P45984,O43379,1
P45984,P24278,1
P45984,Q15427,1
P45984,Q9C0F1,1
Q8N612,Q9UI14,1
Q8N612,Q96HR9,1
Q8N612,O95197,1
Q8N612,Q16799,1
Q15011,Q01844,1
Q9NSC5,O94915,1
Q9NSC5,Q96FJ2,1
Q9Y5Z4,O75340,1
O43488,O95154,1
Q9NZ43,Q96G97,1
O43617,Q9UL33,1
Q9NRX4,Q9UJW3,1
O43734,Q99750,1
O43734,Q12933,1
O15488,P13807,1
O75152,P40692,1
Q92624,Q9NZZ3,1
Q92624,Q969V5,1
Q92624,Q92824,1
Q92624,O43889,1
Q92624,Q9H1J7,1
Q92624,P26992,1
Q92624,Q96S15,1
Q92624,Q9BT88,1
Q92624,Q6ZMV9,1
Q92624,Q96ES6,1
Q92624,P42568,1
Q92624,Q6PEW1,1
Q92624,Q15050,1
Q92624,Q12788,1
Q92624,Q4U2R8,1
Q92624,P42356,1
Q92624,Q8N140,1
P26368,Q9UKJ5,1
P26368,Q9NVV9,1
P26368,Q7Z7F0,1
P26368,P78362,1
P26368,Q07955,1
P26368,Q01081,1
P26368,Q7Z7J5,1
P26368,Q8N7W2,1
P26368,Q15637,1
P26368,Q96LR2,1
P26368,Q9UHX1,1
Q9NVM9,Q8N720,1
O00167,Q96MA1,1
O00167,Q93062,1
Q9P0W2,Q15834,1
Q7L590,Q14566,1
Q7L590,Q96ED9,1
Q7L590,Q9Y2I6,1
Q7L590,O94972,1
Q7L590,Q9P209,1
Q7L590,Q8NHQ1,1
Q7L590,Q13137,1
Q7L590,Q96BR9,1
Q7L590,Q7Z7J5,1
Q7L590,O43298,1
Q7L590,P19012,1
Q7L590,Q15834,1
Q15046,Q13155,1
Q96GM5,Q8N6Y0,1
Q96GM5,Q13137,1
Q96GM5,P19012,1
Q96GM5,Q15834,1
Q96GM5,O95751,1
Q9P1U0,Q15233,1
O00423,Q9H9L3,1
P23497,P63165,1
Q99612,Q96KQ7,1
P61586,Q07960,1
Q05513,Q9NPB6,1
Q92917,Q9Y2I6,1
Q9UHH9,O15162,1
P78337,Q9BQY4,1
P78337,Q93062,1
P78337,Q92997,1
O60706,P26641,1
P35398,P62195,1
Q9BV68,P51668,1
Q9BV68,Q9Y2X8,1
Q9BV68,P61077,1
P60953,Q00587,1
O43639,Q9Y2W2,1
O43639,Q15654,1
O43639,Q16630,1
O43639,Q13191,1
O43639,Q5T5P2,1
O43639,P51116,1
O43639,Q9NYB9,1
O43639,Q15427,1
O43639,Q8N684,1
O43639,P61978,1
O43639,Q9NZQ3,1
P62899,Q01844,1
Q15645,Q15645,1
Q15645,Q8TBB1,1
Q15645,Q86UW9,1
Q15645,P21964,1
Q15645,Q9NTN9,1
Q15645,O00746,1
Q15645,O15389,1
Q15645,P30039,1
Q15645,P67775,1
Q15645,O95486,1
Q15645,Q9NRQ2,1
Q15645,Q9BSH5,1
Q15645,Q53HV7,1
Q15645,Q15013,1
Q15645,Q5TA45,1
Q15645,Q96JB6,1
Q15645,Q96FJ0,1
Q15645,Q6P9B6,1
Q15645,Q9BXL6,1
Q15645,Q13228,1
Q15645,Q13444,1
Q15645,Q9NZF1,1
Q15645,Q969Q4,1
Q15645,Q96HA8,1
Q15645,Q93062,1
Q15645,Q86YR5,1
Q15645,Q6BCY4,1
Q15645,Q8IVS8,1
Q15645,Q96LM6,1
Q15645,Q9H4B4,1
Q15645,Q9H0W9,1
Q15645,O60260,1
Q15645,Q9NRY6,1
Q15645,Q9GZT8,1
Q15645,Q8WXK3,1
Q15645,Q8N720,1
Q15645,O60269,1
Q15645,Q9BYR7,1
Q15645,O95865,1
Q15645,P07902,1
Q15645,O15389,1
P12814,Q13426,1
P12814,Q9NP98,1
P12814,P43364,1
Q8TBB1,Q15102,1
Q8TBB1,Q92841,1
Q8TBB1,Q8N5Z5,1
Q8TBB1,Q7Z6G3,1
Q8TBB1,Q9UI14,1
Q8TBB1,Q9BQD3,1
Q8TBB1,Q13155,1
Q8TBB1,Q9P209,1
Q8TBB1,P36406,1
Q8TBB1,Q53G59,1
Q8TBB1,Q9NTM9,1
Q8TBB1,Q8TC92,1
Q8TBB1,Q9UJ70,1
Q8TBB1,Q12933,1
Q8TBB1,P22234,1
Q8TBB1,P32321,1
Q8TBB1,P21673,1
Q8TBB1,O75525,1
Q8TBB1,Q53H80,1
Q8TBB1,Q13137,1
Q8TBB1,Q07955,1
Q8TBB1,Q96CG3,1
Q8TBB1,P38159,1
Q8TBB1,Q96GX9,1
Q8TBB1,P49247,1
Q8TBB1,Q96BR9,1
Q8TBB1,Q92997,1
Q8TBB1,P09467,1
Q8TBB1,P61457,1
Q8TBB1,Q9Y3Q8,1
Q8TBB1,O43298,1
Q8TBB1,P19012,1
Q8TBB1,Q8WZ19,1
Q8TBB1,Q15834,1
Q8TBB1,Q96M61,1
Q8TBB1,O95751,1
Q8TBB1,Q13643,1
Q8TBB1,P43364,1
Q8TBB1,Q96KQ7,1
Q8TBB1,Q9BQ66,1
Q8TBB1,O95073,1
Q9UHB7,Q12933,1
Q9UHB7,Q8IUQ4,1
P51668,Q9HCM9,1
Q9BXS5,P07910,1
Q9BXS5,Q59EK9,1
Q9BXS5,P51116,1
Q9BXS5,Q96CG3,1
Q9BXS5,Q96BR9,1
Q9BXS5,O95751,1
Q9BXS5,Q14872,1
P49736,Q14566,1
Q9NVX2,Q01844,1
Q99816,Q53EZ4,1
Q99816,Q6UWE0,1
Q99816,Q9UK41,1
Q99816,Q8ND30,1
Q99816,P19012,1
Q99816,O14964,1
Q9HB63,Q6UY14,1
Q9HB63,O15162,1
P30626,P30626,1
P30626,Q13137,1
Q14966,Q96ED9,1
Q14966,Q9H0M0,1
Q14966,Q13137,1
Q14966,P08727,1
Q14966,P19012,1
Q14966,O95967,1
Q14966,Q15834,1
Q14966,O15162,1
Q14966,Q96EK5,1
Q14966,Q9BQ66,1
P27448,P31947,1
P60709,P60709,1
P60709,P60981,1
P60709,Q9Y281,1
P60709,P23528,1
P60709,P63261,1
Q15024,Q92551,1
Q14566,Q14566,1
Q14566,P25786,1
Q14566,Q9UBH0,1
Q14566,Q53TS8,1
Q14566,Q9BWG6,1
Q14566,Q8WYH8,1
Q14566,P42568,1
Q9Y580,O75525,1
Q9Y580,Q9NP66,1
Q9Y580,P38159,1
Q9Y580,P61978,1
Q9Y580,Q15834,1
P40692,Q14134,1
P40692,Q96NE9,1
P40692,O94941,1
P40692,P86452,1
P49902,P49902,1
P49902,Q86TA1,1
P49902,P51116,1
P49902,Q9Y5B8,1
P49902,Q9BVI4,1
P49902,Q6ZVK8,1
Q9HCS7,Q9UNP9,1
P09012,P09012,1
P09012,Q9BQ61,1
Q9NQT4,Q5T5P2,1
Q13409,P51808,1
O75427,Q99750,1
O75427,Q9NQC3,1
Q5HYJ3,Q9BQ66,1
Q8N6T7,Q9UKW6,1
O75344,O75909,1
O75344,Q9Y5B8,1
O75928,P63279,1
O75928,Q8IVL1,1
P10398,Q53G59,1
P31269,Q15654,1
P31269,Q93062,1
P31269,O15162,1
Q15154,Q9P209,1
Q15154,Q8IYI6,1
Q15154,Q9Y3C0,1
Q15154,Q5VYK3,1
Q15154,Q9NYB9,1
Q15154,Q12929,1
Q15154,Q8WYH8,1
Q15154,P08727,1
Q15154,P19012,1
O43439,Q99750,1
O43439,Q96HA8,1
Q9H0E2,Q9BQY4,1
Q9H0E2,Q93062,1
Q9H0E2,Q8WYJ6,1
Q9H0E2,Q15038,1
Q9H0E2,Q86U70,1
Q9Y2X8,Q86UW9,1
Q9Y2X8,P43364,1
Q9Y2X8,Q9HCM9,1
Q06455,Q9Y2W2,1
Q06455,Q7Z6G3,1
Q06455,Q9P2A4,1
Q06455,Q0VDD7,1
Q06455,Q5SW79,1
Q06455,Q9HBM6,1
Q9UII6,Q15834,1
Q15102,Q15102,1
Q15102,Q9H190,1
Q15102,Q8WUX9,1
Q15102,P68402,1
O76038,O00161,1
Q9UNT1,Q96LK0,1
Q14145,P62495,1
P48380,Q12933,1
P48380,Q8HWS3,1
Q9UJV3,Q8WWB3,1
P28749,Q99708,1
P28749,Q9BUH8,1
O14777,Q9UL45,1
O14777,Q9Y2J4,1
O14777,Q53G59,1
O14777,Q9Y3C0,1
O14777,Q8N6Y0,1
Q9GZZ9,P13798,1
Q9UNI6,Q9UI14,1
Q9Y547,Q9BW83,1
Q49AR2,Q9Y2W2,1
Q49AR2,P60002,1
Q9Y2J2,Q9NS73,1
Q9NWS9,Q9UMX1,1
Q9NWS9,Q9BY27,1
Q9NWS9,O15535,1
Q9NWS9,Q9NX65,1
Q9NWS9,Q96IT1,1
Q9NWS9,Q9UNY5,1
Q9NWS9,P17028,1
Q9NWS9,Q9H4T2,1
Q9NWS9,P49910,1
Q9UQN3,Q12933,1
Q9Y2W2,Q92841,1
Q9Y2W2,Q15642,1
Q9Y2W2,Q8WWV3,1
Q9Y2W2,Q96EZ8,1
Q9UPY8,P25791,1
Q9UPY8,Q15555,1
Q9Y3D8,P62263,1
Q9UI26,Q9BRC7,1
Q9UI26,Q12933,1
P49903,P49903,1
Q6FIF0,Q12933,1
Q9BPX1,Q9BPX1,1
Q9BPX1,Q96HA8,1
Q9BPX1,P35638,1
Q9BPX1,Q6ZVK8,1
Q15654,Q9H5Z6,1
Q15654,Q96I34,1
Q15654,Q8NEC5,1
Q15654,Q13643,1
Q15654,Q5VWP2,1
Q15654,Q96HA1,1
Q15654,P29972,1
P02792,P02792,1
P02792,P02794,1
P62195,P13805,1
P62195,P19012,1
P11597,Q01844,1
Q13435,Q15427,1
Q9P2K6,Q8N6Y0,1
Q9P2K6,Q9UMX0,1
Q9P2K6,Q96D15,1
Q9P2K6,Q9UHV2,1
P48378,Q99750,1
P48378,Q8HWS3,1
O00204,P49888,1
O00204,Q96Q35,1
Q96BS2,Q7Z5J4,1
Q96BS2,Q7Z6B0,1
Q96BS2,Q9NP66,1
Q96BS2,P51808,1
Q96IZ5,P07910,1
Q96IZ5,P61978,1
Q96IZ5,Q15834,1
Q96IZ5,Q86SE5,1
P24278,Q9BQD3,1
P24278,Q99750,1
P24278,O60504,1
P24278,Q12933,1
P19634,Q99750,1
O75909,Q8TAP6,1
O75909,Q7Z6G3,1
O75909,Q07002,1
O75909,Q8N6Y0,1
O75909,Q9BQY4,1
O75909,O75558,1
O75909,Q9NP66,1
O75909,Q93062,1
O75909,Q92997,1
O75909,Q9Y3Q8,1
O75909,O95967,1
O75909,Q15834,1
O75909,Q8HWS3,1
O75909,Q8N5I3,1
O75909,Q9BQ66,1
Q9NZD8,Q9UJY4,1
Q9NZD8,Q96QG7,1
Q9NZD8,Q9UI14,1
Q9NZD8,Q9NQC3,1
Q9NZD8,Q9NTM9,1
Q9NZD8,Q12933,1
Q9NZD8,Q53H80,1
Q9NZD8,P60891,1
Q86UW9,P61601,1
Q86UW9,P62166,1
Q86UW9,P37235,1
Q86UW9,Q9UM19,1
Q86UW9,Q9BQY4,1
Q86UW9,Q93062,1
Q86UW9,P62760,1
Q86UW9,Q8HWS3,1
Q86UW9,O15162,1
Q9NYL2,Q8N184,1
Q06323,Q9UL46,1
Q7L622,Q9NNW5,1
P07910,P07910,1
P07910,O00505,1
P07910,Q93100,1
P07910,P63279,1
P07910,Q13526,1
P07910,P51116,1
P07910,P01116,1
P07910,Q9P0T4,1
P07910,Q15834,1
P07910,Q86SE5,1
P20807,Q7Z6G3,1
O00161,P54920,1
O00161,Q9P2A4,1
O00161,P51116,1
O00161,O75558,1
O00161,Q9NYB9,1
P60660,O43809,1
P60660,Q01844,1
Q96BW1,Q8WU10,1
Q9UJX2,Q93062,1
Q9UJX2,Q9Y3Q8,1
Q9UJX2,O95073,1
P45973,O43463,1
P45973,Q9BWN1,1
P45973,Q8IYF1,1
P49366,Q9GZV4,1
P49366,P32969,1
P49366,Q9GZT8,1
P49366,Q6ZVK8,1
Q96ED9,O14639,1
Q96ED9,Q9H4K1,1
Q96ED9,O95251,1
Q96ED9,Q8N5R6,1
Q96ED9,Q12929,1
Q96ED9,Q9BVJ6,1
Q96ED9,Q9H8T0,1
Q96ED9,O95990,1
Q96ED9,Q9UBZ4,1
Q96ED9,Q6ZU52,1
Q96ED9,P15622,1
Q16401,P35998,1
Q8N5H7,O43281,1
Q9H5V7,Q9H5V7,1
Q9H5V7,Q15834,1
Q9H5V7,O95751,1
P20809,P43364,1
Q9BTA9,P19012,1
Q5JVL4,Q8IYF3,1
O14639,Q12933,1
O14639,Q8N6Y0,1
O14639,Q13137,1
O14639,Q9Y3Q8,1
O14639,Q08379,1
O14639,P19012,1
O14639,O95751,1
O14639,Q9BUH8,1
Q9NRG1,Q96G04,1
Q9NRG1,P42229,1
Q9NRG1,O60941,1
Q9NRG1,Q8NFF5,1
Q9NRG1,P00492,1
Q9NRG1,Q01844,1
Q9NRG1,Q9GZT8,1
Q14011,P38159,1
P52272,Q9BQ04,1
Q96RN5,Q13643,1
Q96RN5,O15162,1
Q96RN5,P55198,1
O95721,Q96LR2,1
O95985,Q9UKJ5,1
O95985,Q9BQ66,1
Q9Y262,Q9UBQ5,1
Q92841,O60504,1
Q92841,Q15637,1
Q9UHP6,Q96CW1,1
O96015,Q5TD97,1
O96015,Q96FJ2,1
Q9UNF0,Q9UNF0,1
Q9UNF0,Q9BY11,1
Q13323,Q07817,1
P33992,Q99750,1
O43251,Q9BQY4,1
O43251,Q96MA1,1
O43251,Q93062,1
O43251,Q15038,1
Q9NQG6,P43355,1
Q9Y512,P50222,1
O75791,P62258,1
O75791,O95630,1
O75791,P14136,1
O75791,Q93062,1
O75791,O15156,1
O75791,Q7L4P6,1
O75791,P61978,1
O75791,Q9BQ66,1
Q8N5Z5,Q8N5Z5,1
Q8N5Z5,O75716,1
Q8N5Z5,P25786,1
Q8N5Z5,Q9UGJ1,1
Q8N5Z5,Q8N456,1
Q8N5Z5,Q6NW29,1
Q8N5Z5,Q9GZT8,1
Q8N5Z5,P29972,1
Q8N5Z5,Q6ZVK8,1
Q969R5,O75886,1
Q969R5,Q8WUB8,1
Q969R5,Q9HAF1,1
Q92871,P20340,1
Q9C026,P50552,1
Q9C026,P14598,1
Q9C026,Q9Y297,1
P62333,O00233,1
P62333,Q8TAB5,1
P62333,P46108,1
P62333,Q15834,1
Q9UEU0,Q9UNK0,1
O43708,O43708,1
Q13572,Q12933,1
Q16665,O60224,1
P56279,Q13137,1
P56279,Q7L7L0,1
Q6PJT7,P35900,1
Q6PJT7,Q9UPT5,1
P62191,Q13200,1
P62191,Q15834,1
Q9NPC3,Q9NPC3,1
O43281,O60504,1
Q9BW66,Q96AJ1,1
P25963,Q96HA1,1
Q9Y3B6,Q15006,1
Q9UL46,Q9UL46,1
Q9Y2I6,Q9BSW7,1
Q9Y2I6,P13994,1
Q9Y2I6,P13805,1
Q9Y2I6,Q9BRK4,1
Q9Y2I6,P41220,1
Q9Y2I6,Q9P2K3,1
Q9Y2I6,Q7Z3B3,1
Q9Y2I6,Q9H4K1,1
Q9Y2I6,Q9BUY5,1
Q9Y2I6,O60293,1
Q9Y2I6,O95251,1
Q9Y2I6,Q8N5R6,1
Q9Y2I6,Q15911,1
Q9Y2I6,Q9NS73,1
Q9Y2I6,Q9BVJ6,1
Q9Y2I6,Q9P126,1
Q9Y2I6,Q9BTE1,1
Q9Y2I6,O15015,1
Q9Y2I6,O95990,1
Q9Y2I6,Q9UBZ4,1
Q9Y2I6,P17275,1
Q9Y2I6,Q8NA61,1
Q9Y2I6,Q7L8J4,1
Q9Y2I6,Q8N8B7,1
Q9Y2I6,Q96CN9,1
Q9Y2I6,Q01844,1
Q9Y2I6,Q9UJ04,1
Q9Y2I6,P15622,1
Q9Y2I6,Q02040,1
Q9P104,O60238,1
Q9P104,Q15834,1
Q9BTC0,Q9H0M0,1
Q9BTC0,Q07955,1
Q9BTC0,Q92997,1
Q9BTC0,P61978,1
Q9BTC0,O00308,1
Q9P218,Q8IYF3,1
Q9GZN8,Q93100,1
Q9GZN8,Q86SE5,1
Q9Y4P9,Q9H8W4,1
Q9Y4P9,O96006,1
Q15437,O94855,1
Q15437,P53992,1
Q9P286,Q9BRK4,1
Q9P286,Q9UGJ1,1
Q9P286,Q13643,1
Q9P286,Q9NR12,1
Q9NQG5,Q9UGJ1,1
Q9H444,P63279,1
Q8TAP6,P22234,1
Q8TAP6,P32321,1
Q8TAP6,P14136,1
Q8TAP6,Q9Y467,1
Q8TAP6,P43364,1
Q8TAP6,Q96EK5,1
O94818,O75971,1
O94818,P56545,1
O94818,P43364,1
Q9UNA4,Q13137,1
Q9UNA4,Q15038,1
Q99708,Q13526,1
Q99708,P51116,1
Q99708,Q96HA8,1
Q99708,Q8IV36,1
Q99708,P48059,1
P33240,Q9UMX0,1
Q8N5F7,Q8NHQ1,1
Q8N5F7,Q9NVV9,1
Q8N5F7,Q86V42,1
Q9NPJ8,Q9H4D5,1
P98170,P98170,1
P98170,P55211,1
P98170,Q96HA8,1
P98170,Q96FJ2,1
P41227,P30304,1
P41227,Q96KQ7,1
P51606,O96006,1
Q96EF0,Q96QG7,1
Q96DX5,Q9NWT6,1
Q96DX5,P12277,1
Q9P1W9,Q9NTM9,1
P78381,Q99750,1
P78381,O15162,1
P50402,O43889,1
P50402,Q969F0,1
P50402,Q8N7W2,1
Q96C24,Q15834,1
Q9Y6E0,Q9BUL8,1
O00505,Q9Y247,1
Q9BW62,Q14061,1
Q96AP0,Q9NUX5,1
Q9NPB6,P41743,1
O75541,Q96LR2,1
O75541,Q15834,1
Q13232,O43765,1
Q13232,P15531,1
Q7Z6G3,Q7Z6G3,1
Q7Z6G3,A4D1E9,1
Q7Z6G3,Q9P2K3,1
Q7Z6G3,Q9HC98,1
Q7Z6G3,Q7Z3B3,1
Q7Z6G3,Q8IYF3,1
Q7Z6G3,Q9BY27,1
Q7Z6G3,P25786,1
Q7Z6G3,P51116,1
Q7Z6G3,Q9BU64,1
Q7Z6G3,Q8N5R6,1
Q7Z6G3,Q96HA8,1
Q7Z6G3,O00273,1
Q7Z6G3,Q9BVI4,1
O00746,P15531,1
P63279,O43353,1
P63279,P78364,1
P63279,Q9Y4E5,1
P63279,Q14134,1
P63279,Q13485,1
P63279,Q96B23,1
P63279,Q9UKT9,1
P63279,P61978,1
P63279,O15015,1
P63279,Q8NDC0,1
P63279,Q01826,1
P63279,O14964,1
P63279,Q13422,1
P63279,Q9NR12,1
P63279,O96006,1
P63279,O95073,1
P63279,Q9UI36,1
Q96AJ1,P43364,1
Q15370,Q15369,1
Q9UJY4,P36406,1
Q9UJY4,Q13526,1
Q96EY1,Q96AQ9,1
Q96EY1,O15209,1
Q15274,Q9UMX1,1
Q15274,Q9BQ66,1
Q9ULZ3,P10644,1
Q12846,P54920,1
Q12846,O75379,1
Q9BSW7,Q9Y3Q8,1
Q9BSW7,Q15834,1
Q9BSW7,Q9BY43,1
O75150,Q9Y4E5,1
O75150,Q9BSJ1,1
O75150,Q09161,1
P62491,Q8TBN0,1
Q06547,O60763,1
Q06547,Q96M61,1
Q06547,Q8NHU6,1
Q06547,O15287,1
Q9UL45,Q9UL45,1
Q9UL45,Q8IYI6,1
Q9UL45,Q9Y3C0,1
Q9UL45,Q12929,1
Q9UL45,Q96BD8,1
Q9UL45,Q96HA8,1
Q9UL45,Q96LR2,1
Q9UL45,Q9H8W4,1
P61019,Q08379,1
P61019,Q8NEG0,1
Q15006,O43402,1
Q93045,Q8IYF3,1
P29692,P26641,1
Q9H788,Q9UJU6,1
Q9H788,Q99961,1
Q9H788,P14317,1
Q9H788,P43364,1
Q96QG7,Q96QG7,1
Q96QG7,Q9Y6C2,1
Q96QG7,Q01844,1
O95214,Q96E93,1
O60238,O60238,1
O60238,Q12983,1
O60238,P17152,1
O60238,Q01844,1
O00295,P50222,1
O00295,Q01844,1
P13807,P46976,1
Q8N2M8,Q9BQY4,1
O75864,Q8N7W2,1
O75864,Q96E35,1
Q9NWS0,Q9Y3Q8,1
Q9NXH9,P43364,1
Q9HA65,Q96CV9,1
Q9HA65,P55273,1
P13994,Q12933,1
P13994,P17028,1
P13994,P49910,1
O43765,Q12805,1
O43765,Q96SL4,1
O43765,P10451,1
O43765,P10124,1
O43765,Q9H2B2,1
O43765,Q8TCT8,1
O43765,Q9Y624,1
O43765,O95967,1
O43765,Q9BXJ1,1
O43765,O60844,1
P13805,P13805,1
P13805,P51116,1
P13805,Q13136,1
P13805,Q96E35,1
P13805,Q96S99,1
P13805,Q15834,1
Q8N2W9,Q13137,1
Q14213,Q99750,1
Q9BYD3,Q9BQ66,1
P06731,Q01844,1
O43186,Q99750,1
O43186,Q8TC57,1
Q9NWV8,Q9NXR7,1
P54920,Q9NQC3,1
P54920,Q13190,1
Q9UI14,Q9UI14,1
Q9UI14,Q9NRS6,1
Q9UI14,P51116,1
Q9UI14,Q14088,1
Q9UI14,P62820,1
Q9UI14,Q96HA8,1
Q9UI14,Q8NI60,1
Q9UI14,Q9H8W4,1
Q9UI14,Q96C03,1
Q9UI14,Q9GZT8,1
Q9UI14,Q6ZVK8,1
Q99418,Q96HB5,1
Q9P2T0,Q99750,1
P0C1Z6,Q59EK9,1
P0C1Z6,P06753,1
Q9BVK8,Q9P2A4,1
Q9BQD3,Q9NYH9,1
Q9BQD3,Q8IY31,1
Q9BQD3,Q9H8S9,1
Q9BQD3,Q9NQZ6,1
Q9BQD3,P51116,1
Q9BQD3,O75558,1
Q9BQD3,P09493,1
Q9BQD3,Q8N5R6,1
Q9BQD3,Q9GZQ8,1
Q9BQD3,P06753,1
Q9BQD3,Q5SW79,1
Q9BQD3,Q9UJ41,1
Q9BQD3,Q96D59,1
Q9BQD3,Q8WYH8,1
Q9BQD3,Q96LK0,1
Q9BQD3,Q8N715,1
Q9BQD3,Q9UPT5,1
Q9BQD3,Q96MT8,1
Q9BQD3,Q01844,1
Q9BQD3,Q96EZ8,1
Q9BQD3,Q9GZT8,1
Q9BQD3,Q14533,1
Q9BQD3,Q8IYF1,1
Q9BQD3,Q6ZVK8,1
O15155,Q8N6Y0,1
Q02218,O15162,1
Q13155,P14868,1
Q13155,Q0VDD7,1
Q13155,Q5SW79,1
Q13155,Q12929,1
Q13155,Q13643,1
O60568,Q9BQY4,1
O60568,Q7Z7J5,1
O60568,Q15834,1
O60568,P0C7A2,1
O60568,Q96KQ7,1
Q15910,Q15834,1
P50222,P52198,1
P50222,P01282,1
P50222,Q9BQ66,1
O95994,Q96HA1,1
Q9NX63,Q15834,1
Q9NX63,Q9BQ66,1
Q15056,Q9H3H3,1
P43005,Q01844,1
Q8WUY3,Q96D15,1
Q8WUY3,Q01844,1
O43889,Q12982,1
O43889,Q13021,1
O43889,Q9UNK0,1
Q8NEA6,Q9UMX1,1
Q9NQX5,Q99750,1
Q9NQX5,P61978,1
Q9NQX5,O15162,1
Q9NQX5,Q9BQ66,1
O00151,O43707,1
O00151,P14136,1
O14832,P43364,1
Q9H7M9,O15162,1
Q9BRK4,Q12933,1
Q9BRK4,Q9BQY4,1
Q9BRK4,Q14134,1
Q9BRK4,Q93062,1
Q9BRK4,Q9P0T4,1
Q9BRK4,Q15834,1
Q9H467,Q01844,1
Q9UMX1,Q96D15,1
Q9UMX1,Q9NPA3,1
Q9UMX1,Q96H86,1
Q9UMX1,Q7Z412,1
Q9P287,P62829,1
Q9P287,Q99877,1
Q9H668,Q9UGJ1,1
O94907,Q99750,1
O76003,Q6UY14,1
O76003,O95967,1
O76003,O15162,1
O76003,Q9BQ66,1
Q5VWN6,Q5VWN6,1
Q5VWN6,Q15834,1
Q5VWN6,O95751,1
Q59EK9,Q96CW1,1
Q59EK9,P61225,1
P45381,P45381,1
O94972,Q13895,1
O94972,Q9H5Z6,1
O94972,Q15398,1
O94972,Q9H4K1,1
O94972,P53618,1
O94972,P51116,1
O94972,Q8TCX5,1
O94972,Q96KB5,1
O94972,O95990,1
O94972,Q9UBZ4,1
O94972,Q8TAU3,1
O94972,Q96M61,1
O94972,Q01844,1
O94972,Q96EZ8,1
O94972,Q6ZU52,1
O94972,Q8N720,1
O94972,O43663,1
O94972,Q8IYF1,1
O94972,Q6ZVK8,1
P17509,P21673,1
P17509,P19012,1
P17509,O15162,1
Q9Y272,O15162,1
Q7Z5J4,Q13526,1
Q13867,Q13867,1
Q13867,Q8WVZ9,1
P55039,Q9H446,1
Q8IY81,O15481,1
Q8IY81,P21673,1
O43572,P10644,1
Q9NYH9,Q9BQY4,1
Q9NYH9,Q15834,1
Q9P2A4,Q5SW79,1
Q9P2A4,O15372,1
Q9P2A4,Q86YM7,1
Q9P2A4,Q9C0F1,1
Q9P2A4,P19012,1
Q9P2A4,Q6ZU52,1
P10644,Q9H8W4,1
P10644,Q9BSF0,1
P62258,O94875,1
P62258,O60269,1
Q8IY31,Q9NYB9,1
Q8IY31,Q8WXE1,1
Q8IY31,Q9UPT5,1
Q8IY31,Q8TES7,1
Q13432,Q96GX8,1
P49888,Q8TC92,1
Q9UKJ5,Q99750,1
Q9UKJ5,P32242,1
Q9UKJ5,Q8NEC5,1
Q9UKJ5,Q9H8W4,1
Q9UKJ5,Q9BQ66,1
P61077,Q9HCM9,1
O95198,Q53G59,1
Q9C040,P78324,1
Q05516,Q9P209,1
Q05516,Q8NHQ1,1
Q05516,Q8TC92,1
Q05516,O43791,1
Q05516,Q12933,1
Q05516,Q15834,1
Q05516,O95751,1
Q05516,P43364,1
Q05516,O15162,1
Q05516,P14373,1
Q05516,Q9BQ66,1
P11142,Q9NZL4,1
O60711,Q9BUY5,1
O60711,Q96BD5,1
O60711,P48059,1
O60711,Q9NV31,1
O60711,Q96HA1,1
Q9UMS4,Q9UPT5,1
Q13490,Q12933,1
Q13490,P14923,1
Q13490,P43364,1
O00330,Q01844,1
Q96QU6,Q96QU6,1
Q96QU6,Q8TES7,1
Q8N336,Q9NWX6,1
Q03426,Q03426,1
Q03426,Q01844,1
P05783,Q8IYI6,1
P05783,Q9UGJ1,1
P05783,Q9Y5B8,1
P05783,P19012,1
P05783,Q15834,1
P05783,O95751,1
P05783,O14964,1
Q96A72,Q9Y2J4,1
Q96A72,Q9NP66,1
Q96A72,Q9Y5S9,1
Q9NR22,Q9NR22,1
Q9NR21,Q969Y2,1
P46527,P30281,1
P46527,P30279,1
P46527,Q12933,1
P40937,P35249,1
Q16630,Q53G59,1
Q16630,Q9H0M0,1
Q16630,Q9H6L4,1
Q16630,Q9BSL1,1
Q16630,Q9NXP7,1
Q16630,O43809,1
Q16630,Q01844,1
Q16630,O15162,1
Q16630,O00308,1
Q13601,Q01844,1
Q99618,Q12933,1
Q99618,Q9GZU7,1
P45974,O75528,1
P78364,Q8IXK0,1
P78364,Q9UHJ3,1
Q9H446,Q9Y295,1
Q9H446,Q6ZVK8,1
Q9Y294,Q9UKI8,1
Q16539,Q07352,1
O76064,Q9C0F1,1
O76064,Q15834,1
Q9Y4E5,P51116,1
Q9Y4E5,Q13137,1
Q9Y4E5,P52306,1
Q5VWX1,O75525,1
Q5VWX1,P38159,1
Q5VWX1,P61978,1
Q5VWX1,Q01844,1
O43189,Q9NVV9,1
O43189,Q93062,1
Q96PU8,P61978,1
Q99750,Q99750,1
Q99750,P04899,1
Q99750,P32242,1
Q99750,O95201,1
Q99750,Q9ULA0,1
Q99750,Q9H5Z6,1
Q99750,Q9H0I2,1
Q99750,Q8WUT4,1
Q99750,Q15475,1
Q99750,Q5TA45,1
Q99750,Q13526,1
Q99750,Q92692,1
Q99750,Q9BUY5,1
Q99750,P55055,1
Q99750,Q5TAQ9,1
Q99750,Q8WV24,1
Q99750,Q16828,1
Q99750,P84101,1
Q99750,Q8TBE0,1
Q99750,Q9GZM7,1
Q99750,O94817,1
Q99750,Q96HB5,1
Q99750,Q9NRN7,1
Q99750,Q96HA8,1
Q99750,Q96LJ7,1
Q99750,Q969U6,1
Q99750,Q8IYX3,1
Q99750,P55064,1
Q99750,Q15906,1
Q99750,Q8NA54,1
Q99750,Q96LL4,1
Q99750,Q14296,1
Q99750,Q8WXS3,1
Q99750,Q9H7H0,1
Q99750,O15015,1
Q99750,Q96ES6,1
Q99750,Q03518,1
Q99750,Q9NUU7,1
Q99750,Q96H86,1
Q99750,P17482,1
Q99750,Q8NDP4,1
Q99750,Q8IYI8,1
Q99750,Q9P0T4,1
Q99750,Q8TAU3,1
Q99750,Q14781,1
Q99750,Q9H9D4,1
Q99750,Q8NEC5,1
Q99750,Q9HB75,1
Q99750,Q8N715,1
Q99750,Q96C28,1
Q99750,Q8IZC7,1
Q99750,Q01844,1
Q99750,Q9BT49,1
Q99750,Q9BR84,1
Q99750,O00144,1
Q99750,Q6ZU52,1
Q99750,Q3YEC7,1
Q99750,P52737,1
Q99750,Q8IYX0,1
Q99750,Q8TC90,1
Q99750,Q9UQ90,1
Q99750,Q02040,1
Q99750,Q96SK3,1
Q99750,Q5T681,1
Q99750,O60269,1
Q99750,Q8IYR0,1
Q99750,P29972,1
Q99750,O43299,1
Q99750,Q8IYR0,1
P30281,P38936,1
P30281,P11802,1
P30281,O95967,1
P30281,Q9H063,1
Q96EK7,Q12933,1
Q14738,Q13136,1
O43598,O43598,1
O60547,O60547,1
Q9P209,Q9UM82,1
Q9P209,Q8TAU3,1
Q9P209,Q6ZU52,1
P56597,Q96IM9,1
P56597,Q8WWB3,1
Q96DC7,Q9UMX0,1
Q9Y5P4,Q9Y5P4,1
Q9Y5P4,Q9NQC3,1
Q9Y5P4,P78368,1
Q9Y5P4,O95197,1
Q9Y5P4,Q13352,1
Q9Y5P4,Q96HA1,1
Q99614,Q03154,1
P36406,P36406,1
P36406,Q9H4K1,1
P36406,Q0VDD7,1
P36406,Q8NFF5,1
P36406,P55040,1
P36406,Q15637,1
P36406,Q9P0T4,1
P36406,P15622,1
P36406,Q96HA1,1
P09619,Q9BQ66,1
Q9Y2J4,Q9Y2J4,1
Q9Y2J4,P61952,1
Q9Y2J4,P51116,1
Q9Y2J4,Q00013,1
Q9Y2J4,P19012,1
Q9Y2J4,P35900,1
Q9Y2J4,Q96CN9,1
Q8NHQ1,Q9P2K3,1
Q8NHQ1,Q7Z3B3,1
Q8NHQ1,Q9H0I2,1
Q8NHQ1,Q9BUY5,1
Q8NHQ1,O95251,1
Q8NHQ1,Q14134,1
Q8NHQ1,Q9BVJ6,1
Q8NHQ1,Q96BR9,1
Q8NHQ1,Q9H9D4,1
Q8NHQ1,Q15834,1
Q8NHQ1,P48552,1
Q8NHQ1,Q8IYF1,1
Q9UBF6,Q9NQX7,1
Q14188,O75461,1
O75830,Q9UMX0,1
Q9BUL8,O00506,1
P04899,O15162,1
Q92734,O15162,1
Q13191,Q9H8Y8,1
Q13191,O60504,1
Q9NRQ2,O95967,1
Q9NRQ2,O15162,1
Q9NRQ2,Q9BQ66,1
P24534,P26641,1
Q9H8S9,Q15834,1
Q9Y2W7,Q8N6Q3,1
O75886,O95630,1
O75886,Q15038,1
O75886,O14964,1
Q9UHY1,Q9H4K1,1
Q9UHY1,Q9Y3Q8,1
Q9BSM1,Q13137,1
Q9NQC3,P51116,1
Q9NQC3,O95197,1
Q9NQC3,Q14088,1
Q9NQC3,Q9H8W4,1
P42224,P25791,1
P42224,Q8N9N8,1
P32242,Q93062,1
P32242,Q9BQ66,1
Q9Y3A3,Q15834,1
Q9Y3A3,O94989,1
Q9BRC7,Q9HCM9,1
O75716,Q6UY14,1
O75716,P49247,1
P37235,Q9NP66,1
Q9H8Y8,P16083,1
Q9H8Y8,Q12933,1
Q9H8Y8,P60891,1
Q9H8Y8,P61457,1
Q9H8Y8,Q9Y3Q8,1
Q9H8Y8,P37198,1
Q9H8Y8,P15531,1
Q9H8Y8,P14174,1
Q9H8Y8,O95073,1
O14548,P43364,1
P63165,Q8NCR3,1
Q08170,Q13247,1
P24522,Q13561,1
P32929,P32929,1
Q8IYI6,Q8N6Y0,1
Q8IYI6,P08727,1
Q8IYI6,P19012,1
Q8IYI6,P35900,1
Q8IYI6,Q15834,1
Q8IYI6,O14964,1
Q99598,O95257,1
Q99598,Q96AQ6,1
Q99598,Q96HT8,1
Q9HB90,Q7L523,1
O00214,Q13137,1
Q9UM19,Q99576,1
Q53G59,Q53G59,1
Q53G59,Q9H204,1
Q53G59,P27658,1
Q53G59,Q92997,1
Q53G59,Q9UBV8,1
Q53G59,Q7Z614,1
Q53G59,P46379,1
Q53G59,Q9NZ81,1
Q07002,Q15834,1
Q14376,Q14376,1
O43395,Q969Y2,1
O43395,Q92997,1
O43395,Q9C005,1
O43395,Q15834,1
O94829,Q15699,1
Q06830,Q14653,1
Q92569,Q14919,1
Q96CB9,Q01844,1
Q96CB9,P43364,1
Q01658,Q9NRF9,1
Q9UKA9,Q13137,1
Q9UKA9,P98175,1
Q68CQ4,P43364,1
Q9BUV0,P49761,1
Q9P2K3,Q14687,1
Q9P2K3,P19012,1
P02766,P18848,1
Q9H204,Q8N6Y0,1
Q9H204,P43364,1
P10451,Q8WYA6,1
P10451,Q9NR12,1
Q9Y4X4,Q96KQ7,1
P30279,P38936,1
Q01105,Q9BT49,1
Q13049,Q9UMX0,1
Q13049,O76083,1
Q9HC98,Q15834,1
Q9BPZ7,Q00587,1
Q9Y283,Q9NWT6,1
Q9UFG5,Q0VDD7,1
Q9UFG5,Q5SW79,1
Q9UFG5,Q15834,1
Q53FD0,Q13137,1
Q53FD0,P19012,1
Q53FD0,P35900,1
Q53FD0,Q15834,1
Q9BSR8,Q9GZM5,1
O14879,O14879,1
O14879,P09913,1
O14879,Q05D60,1
O14879,P09914,1
Q9NTM9,Q9NTM9,1
Q9NTM9,Q6IA69,1
Q9NTM9,Q9GZT8,1
Q9NTM9,Q6ZVK8,1
P50539,P61244,1
Q7Z3B3,Q12933,1
Q7Z3B3,Q8N6Y0,1
Q7Z3B3,P61289,1
Q7Z3B3,Q13137,1
Q7Z3B3,P19012,1
Q7Z3B3,Q15834,1
Q96JE7,P55735,1
Q8IYF3,Q5T5P2,1
Q8IYF3,P38936,1
Q8IYF3,P09327,1
Q8IYF3,Q9H4K1,1
Q8IYF3,Q96IQ9,1
Q8IYF3,Q16828,1
Q8IYF3,Q9BT92,1
Q8IYF3,Q53TS8,1
Q8IYF3,Q9UNH6,1
Q8IYF3,Q8WW14,1
Q8IYF3,Q9Y3Q8,1
Q8IYF3,Q96M91,1
Q8IYF3,Q5T013,1
Q8IYF3,P48552,1
Q8IYF3,Q6ZU52,1
Q8IYF3,Q96HA1,1
Q8IYF3,Q96FH0,1
Q8IYF3,Q96GY3,1
P36575,Q14749,1
P36575,Q96IT1,1
Q5T5P2,O60504,1
Q5T5P2,P51116,1
Q5T5P2,P19012,1
Q5T5P2,Q96CN9,1
Q8TC92,Q16206,1
Q8TC92,Q9GZT8,1
Q9NX45,Q8IYF1,1
O15198,Q13485,1
O14508,Q05397,1
P25208,Q14919,1
Q9Y3C0,Q96CV9,1
Q9Y3C0,Q9NYB9,1
Q9Y3C0,Q96AQ6,1
Q9Y3C0,Q96EZ8,1
Q9Y3C0,P02538,1
Q9Y3C0,P37198,1
Q9Y3C0,O75506,1
O60504,Q96MA1,1
O60504,Q6UY14,1
O60504,P38159,1
O60504,Q8N684,1
O60504,P61978,1
O60504,Q6ZU52,1
O60504,O96006,1
P16860,Q01844,1
O43791,O95197,1
O43791,Q7Z7J5,1
O43791,Q99836,1
O43791,P35638,1
O43791,P28702,1
Q7L190,Q7Z7J5,1
Q7L190,P46108,1
Q7L190,O95751,1
Q9NP64,Q9H190,1
P17040,P57086,1
Q5T3J3,Q9Y3T9,1
P50995,O15162,1
O95201,Q12933,1
O95201,Q13137,1
O95201,Q15834,1
Q8NF64,Q13526,1
Q8NF64,Q9Y467,1
P26992,O15162,1
P26992,Q9BQ66,1
Q8NHQ8,Q96NE9,1
Q8NHQ8,P55036,1
Q7Z6B0,Q01844,1
Q9H0M0,Q01844,1
Q9H0M0,Q15038,1
O00148,P82979,1
Q16512,Q15834,1
Q9BRR9,Q93062,1
Q53HV7,Q93062,1
Q13287,P25786,1
Q13287,Q9Y6C2,1
Q13287,P23434,1
Q13287,Q9NVZ3,1
Q13287,O75971,1
Q13287,Q8N4P3,1
Q13287,O14964,1
Q13287,P0DPH7,1
Q9UIF8,P56545,1
P33552,Q9Y3Q8,1
Q9ULA0,P21673,1
Q9ULA0,Q6UY14,1
Q9H5Z6,O95967,1
Q9H5Z6,Q15834,1
Q9H0I2,Q12933,1
Q9H0I2,Q13137,1
Q9H0I2,Q93062,1
Q9H0I2,Q9Y3Q8,1
Q9H0I2,Q15834,1
Q9H0I2,Q9BUH8,1
Q9H0I2,O15162,1
Q9H0I2,Q9NR12,1
Q13247,Q15287,1
Q9UL26,Q8NEU8,1
Q9UJ70,Q9UJ70,1
Q9UJ70,Q5M9N0,1
Q9UJ70,Q9UI36,1
Q15013,P19012,1
Q14749,Q14749,1
Q14749,P49407,1
Q14749,Q9H8W4,1
Q14749,Q9GZT8,1
Q14749,Q6ZVK8,1
P38936,P12004,1
P38936,Q15834,1
Q9BSJ1,O43597,1
Q9BSJ1,P43364,1
Q9BXC9,P61289,1
Q14141,Q15019,1
Q14141,Q8WYJ6,1
Q9H6L4,Q8WZ19,1
A9UHW6,Q9NUU7,1
A9UHW6,O14964,1
Q9BVV2,Q13137,1
Q9BVV2,O60232,1
Q9BVV2,Q15834,1
Q9BVV2,Q9NR12,1
P50552,O60936,1
P50552,Q96MA1,1
P50552,O15162,1
P50552,O00308,1
Q9H190,Q9BU76,1
Q9H190,Q96CG3,1
Q9H190,Q7Z7J5,1
Q9H190,Q8N7W2,1
Q9H190,Q9NZ81,1
P60981,P63261,1
Q9BQP7,P43364,1
P61244,Q9H8W4,1
Q9NP97,O14576,1
Q5JVF3,Q6ZVN7,1
Q9BTD8,P61978,1
Q9BTD8,Q13643,1
Q9UBT2,Q9UBE0,1
P04424,P47897,1
P42229,P43365,1
Q63HM2,P09467,1
Q15475,Q15834,1
Q15398,Q12933,1
P54652,Q9NZL4,1
Q5TA45,O15162,1
Q12933,Q12933,1
Q12933,Q13526,1
Q12933,Q9H4K1,1
Q12933,P51116,1
Q12933,O43597,1
Q12933,Q13137,1
Q12933,Q15306,1
Q12933,O60941,1
Q12933,Q8TBE0,1
Q12933,Q8N5R6,1
Q12933,Q9NVF7,1
Q12933,Q96CG3,1
Q12933,Q70EK8,1
Q12933,Q969F0,1
Q12933,Q9NRN7,1
Q12933,Q86TN4,1
Q12933,Q9NVZ3,1
Q12933,Q9UKG1,1
Q12933,Q5T124,1
Q12933,Q9UM82,1
Q12933,O15015,1
Q12933,Q9C0A6,1
Q12933,O95990,1
Q12933,O43298,1
Q12933,Q9UBZ4,1
Q12933,O43566,1
Q12933,Q15560,1
Q12933,P47897,1
Q12933,Q9BQA5,1
Q12933,Q8N9N5,1
Q12933,Q9Y4K3,1
Q12933,Q8N8B7,1
Q12933,P54725,1
Q12933,P48552,1
Q12933,Q9BT49,1
Q12933,Q8TES7,1
Q12933,Q6ZU52,1
Q12933,Q9GZT8,1
Q12933,Q9BZY9,1
Q12933,Q8IYF1,1
Q12933,Q6ZVK8,1
Q96QF0,Q8TBN0,1
Q92630,O95073,1
Q9NQA5,Q01844,1
Q13526,Q15233,1
Q13526,Q93062,1
Q13526,Q9Y3Q8,1
Q8N490,P43364,1
P26651,Q15834,1
Q9BPW5,Q01844,1
P22234,P22234,1
P22234,P51116,1
P22234,Q6ZVK8,1
Q9BY27,Q9NS73,1
Q9BY27,P08727,1
Q9BY27,P19012,1
Q9BY27,Q8N5I3,1
P18848,Q96EY7,1
P18848,Q13227,1
P18848,O95751,1
P18848,Q99871,1
Q00587,Q93062,1
Q00587,Q13643,1
Q00587,O15162,1
Q00587,Q9BQ66,1
Q9H4K1,Q969Y2,1
Q9H4K1,Q8N6Y0,1
Q9H4K1,P14136,1
Q9H4K1,Q5JR59,1
Q9H4K1,Q8WXE1,1
Q9H4K1,P19012,1
Q9H4K1,O95967,1
Q9H4K1,P14923,1
Q9H4K1,Q15834,1
Q9H4K1,Q9BUH8,1
Q9H4K1,O95073,1
Q04695,Q15834,1
Q04695,P02538,1
Q9H875,P43364,1
Q16718,Q15834,1
Q16718,Q15038,1
Q16718,O75438,1
Q99259,P46952,1
Q9P2K8,Q01844,1
P33316,Q9UM82,1
P33316,Q6ZVK8,1
Q9BUX1,Q9BQY4,1
Q9P2Z0,Q9BQ66,1
Q9P2Z0,Q96FJ2,1
P25786,P51946,1
P25786,Q13137,1
P25786,Q9Y3Q8,1
P25786,P19012,1
P25786,Q15834,1
P25786,O95073,1
P32321,P32321,1
P32321,Q9GZT8,1
P32321,Q6ZVK8,1
P51116,P51116,1
P51116,P61289,1
P51116,Q9NVV9,1
P51116,O95197,1
P51116,Q13137,1
P51116,Q14134,1
P51116,Q8N5R6,1
P51116,Q15233,1
P51116,P38159,1
P51116,Q9NS73,1
P51116,P49247,1
P51116,Q93062,1
P51116,Q96BR9,1
P51116,P35520,1
P51116,Q96CW1,1
P51116,Q7Z7J5,1
P51116,Q9HAF1,1
P51116,Q5VSY0,1
P51116,P09467,1
P51116,P61457,1
P51116,Q9Y3Q8,1
P51116,P02794,1
P51116,Q15041,1
P51116,P35900,1
P51116,O60232,1
P51116,Q15834,1
P51116,Q8WVF5,1
P51116,O95751,1
P51116,Q86SE5,1
P51116,Q96EZ8,1
P51116,Q8N5I3,1
P51116,Q5T681,1
P51116,Q9UIC8,1
P55273,P11802,1
Q56P03,Q9Y312,1
Q9UBL3,Q9C005,1
Q9BSW2,Q14134,1
P21673,P21673,1
P21673,Q96I25,1
P21673,Q9BSH4,1
P21673,Q9BQ70,1
P21673,Q96F10,1
P21673,Q9NVL1,1
P21673,Q9Y3Q8,1
P21673,P17482,1
Q9NVN8,O95751,1
O95257,P57060,1
Q969Y2,Q969Y2,1
Q969Y2,Q5TAQ9,1
Q969Y2,Q9NP50,1
Q8N6Y0,Q8N6Y0,1
Q8N6Y0,Q9UGJ1,1
Q8N6Y0,Q9BT78,1
Q8N6Y0,Q8N5R6,1
Q8N6Y0,Q8TAB5,1
Q8N6Y0,Q96HB5,1
Q8N6Y0,Q969F0,1
Q8N6Y0,Q86YR5,1
Q8N6Y0,Q9NTK1,1
Q8N6Y0,Q9UJW9,1
Q8N6Y0,O95990,1
Q8N6Y0,Q8WWB3,1
Q8N6Y0,P08727,1
Q8N6Y0,P19012,1
Q8N6Y0,Q14005,1
Q8N6Y0,Q96CN9,1
Q8N6Y0,Q9UPT5,1
Q8N6Y0,Q96MT8,1
Q8N6Y0,Q9BVI4,1
Q8N6Y0,O14964,1
Q8N6Y0,Q8TES7,1
Q8N6Y0,O43663,1
Q8N6Y0,O15287,1
Q8WWV3,Q9UPT5,1
O43707,Q9NPC6,1
O43707,Q9NP98,1
Q9BWG4,Q9UBH0,1
Q9BWG4,Q86U70,1
Q9H0B3,P0DP24,1
Q9H0B3,P0DP25,1
Q9H0B3,P27482,1
Q9H0B3,P0DP23,1
Q9Y4Z0,Q13137,1
Q9BSL1,Q15038,1
Q9Y3M9,Q15834,1
P00966,P00966,1
Q9BWQ6,Q96EC8,1
Q9BUY5,Q13137,1
Q9BUY5,O95967,1
Q9BUY5,Q15834,1
Q9BUY5,Q9BQ66,1
Q9Y312,P36382,1
P14136,Q9UGJ1,1
P14136,Q5T2W1,1
P14136,Q6ZU52,1
P14136,Q96HA1,1
P14136,Q9NR12,1
P14136,Q96JP2,1
Q14687,Q93062,1
Q14687,Q6ZVK8,1
Q9Y248,Q9BRT9,1
Q9UJ83,Q9UJ83,1
Q9UJ83,Q96E35,1
Q92609,Q96CW1,1
P50479,Q93062,1
P61289,P61289,1
P61289,P84101,1
P61289,P27987,1
P61289,Q8TBK6,1
P61289,Q64LD2,1
P61289,Q6ZVK8,1
Q9BRG1,Q9BQY4,1
Q9BRG1,Q96GX9,1
Q9BRG1,Q96H20,1
Q13136,Q9NS73,1
Q9BQY4,Q9BQY4,1
Q9BQY4,P84101,1
Q9BQY4,Q93062,1
Q9BQY4,Q96A09,1
Q9BQY4,Q96PV6,1
Q9BQY4,Q9BTL3,1
Q9BQY4,O95967,1
Q9BQY4,Q8NEK8,1
Q9BQY4,O95471,1
Q9BQY4,Q01844,1
Q9BQY4,Q15038,1
Q9BQY4,P57052,1
Q9BQY4,Q8TES7,1
Q9BQY4,Q8WWR8,1
P10276,P48443,1
P10276,P28702,1
O75525,Q8TBE0,1
O75525,Q8N5R6,1
O75525,P38159,1
O75525,P61978,1
O75525,Q9H9D4,1
O75525,Q8IUQ4,1
O75525,Q6ZVK8,1
Q9Y5P3,P56545,1
Q9Y5P3,Q96EQ0,1
Q9NVV9,Q9NVV9,1
Q9NVV9,Q9BU76,1
Q9NVV9,Q8TBK6,1
Q9NVV9,Q96SI9,1
Q9NVV9,Q9H9D4,1
Q9NVV9,Q86SE5,1
Q9NVV9,P37198,1
Q9NVV9,Q6EEV4,1
Q0VDD7,Q0VDD7,1
Q0VDD7,Q13227,1
Q0VDD7,Q9BT78,1
Q0VDD7,Q9UBV8,1
Q0VDD7,Q01844,1
Q0VDD7,Q3YEC7,1
P19474,Q9GZT8,1
Q15345,Q93062,1
P53365,Q13352,1
Q9BT40,Q15041,1
P84243,Q96KQ7,1
Q13227,P57077,1
Q9Y221,O96006,1
Q9H1Q7,O15162,1
P60880,O75558,1
Q9UKK6,Q9H4D5,1
Q9UKK6,Q9UBU9,1
P49321,Q71DI3,1
P49321,P68431,1
Q5JR59,Q8TAB5,1
Q5JR59,O00444,1
Q5JR59,Q8N720,1
Q9BXY8,Q15834,1
Q9BXY8,P43364,1
Q9BXY8,Q9BQ66,1
O95197,O95197,1
O95197,Q14088,1
O95197,P43378,1
O95197,Q9H8W4,1
P62324,Q9UFF9,1
P29218,P29218,1
O60293,Q15834,1
P21266,P21266,1
P62244,Q9UKW6,1
P62244,Q01844,1
P51946,O60232,1
Q8IXK0,Q8IXK0,1
Q8IXK0,Q9UHJ3,1
Q8IXK0,Q13643,1
Q8IXK0,Q96EZ8,1
Q9UJC3,P15622,1
Q8WVD3,Q8IYR0,1
Q8WVD3,Q8IYR0,1
Q68CL5,Q01844,1
Q9UMX0,Q9UMX0,1
Q9UMX0,P48723,1
Q9UMX0,O75084,1
Q9UMX0,P52789,1
Q9UMX0,P04155,1
Q9UMX0,O95967,1
Q9UMX0,P53816,1
Q9UMX0,Q96C03,1
Q9UMX0,Q9H0L4,1
Q9UMX0,Q9NPQ8,1
Q9UMX0,O14964,1
Q9UMX0,O14764,1
Q9UMX0,Q9BWD3,1
Q15884,O95817,1
Q15884,P31947,1
Q53H80,Q15834,1
P25791,Q15555,1
P25791,Q15038,1
P25791,Q96KQ7,1
P41219,P19012,1
P11802,P42772,1
Q96K80,Q96K80,1
Q96K80,Q93062,1
Q9UBP5,O15162,1
O75558,O75558,1
O75558,Q9Y6J9,1
P01019,Q01844,1
P15104,P15104,1
P15104,Q9H8W4,1
P15104,Q6ZVK8,1
Q96BY6,Q96LR2,1
O60573,P35900,1
O60573,Q9NRA8,1
O60573,Q9BQ66,1
O60573,O60516,1
Q9BZW7,Q14134,1
Q8NEU8,Q9UKG1,1
Q9NPJ6,O95379,1
Q9NPJ6,Q96CW1,1
Q9NPJ6,Q96EZ8,1
O43597,Q6UY14,1
O43597,O15162,1
O43597,O60269,1
O43597,Q9BQ66,1
O95199,O95199,1
O95199,Q9BT78,1
P49914,Q9Y3Q8,1
Q13137,Q13137,1
Q13137,O95251,1
Q13137,Q9H0R8,1
Q13137,Q8N5R6,1
Q13137,Q96ME1,1
Q13137,Q8TCX5,1
Q13137,P29353,1
Q13137,Q9UBV8,1
Q13137,Q15906,1
Q13137,Q14296,1
Q13137,O95990,1
Q13137,Q9UBZ4,1
Q13137,Q96S44,1
Q13137,Q9H9D4,1
Q13137,Q8N715,1
Q13137,Q9UBL6,1
Q13137,Q8IZC7,1
Q13137,Q15038,1
Q13137,Q8TES7,1
Q13137,Q3YEC7,1
Q13137,Q8IYF1,1
Q13137,Q9BQY9,1
O95251,Q96BR9,1
O95251,Q92997,1
O95251,Q8WZ19,1
O95251,P49910,1
O96019,Q01844,1
Q92844,Q5D1E8,1
Q9UBH0,P81877,1
Q92783,O14964,1
Q8N4T4,Q93062,1
Q9GZM5,O15162,1
P17096,Q01844,1
O94868,Q5M9N0,1
O94868,Q15834,1
P49407,O43298,1
Q14134,Q14134,1
Q14134,Q08379,1
Q14134,Q96AA8,1
Q14134,Q96CN9,1
Q14134,Q8TES7,1
Q14134,Q96JP2,1
Q9Y375,P43364,1
Q9UGJ1,Q96GA7,1
Q9UGJ1,Q08379,1
Q9UGJ1,P19012,1
Q9UGJ1,Q8NA61,1
Q9UGJ1,Q15834,1
Q9UGJ1,Q8TES7,1
Q9UHA3,Q9UJW3,1
Q52LW3,P43364,1
Q9C0D9,Q01844,1
Q9BU64,Q5SW79,1
O60941,Q9NP66,1
O60941,Q96A04,1
O60941,Q8ND30,1
O60941,Q15834,1
O60941,Q9BUH8,1
O60941,P37198,1
Q53EZ4,Q96HA1,1
Q9NYB9,P08727,1
Q9NYB9,P19012,1
Q9NYB9,P35900,1
Q8NEH6,Q01844,1
Q96S82,P54725,1
Q9BT78,Q9NS73,1
Q9BT78,Q15834,1
P52306,Q9NS73,1
Q7Z3B4,Q15834,1
Q7Z3B4,P37198,1
O60763,Q6P1W5,1
O60763,O14976,1
Q08209,Q96GX8,1
Q9H0R8,Q13501,1
Q6ZN18,O95751,1
Q6ZN18,Q86SE5,1
P50542,Q9NTG7,1
P50542,Q5T2W1,1
Q9BRT6,P08651,1
Q8WV24,O15162,1
Q8WV24,Q9BQ66,1
Q96HH6,Q96G97,1
Q96GA7,Q96GA7,1
Q9BT92,Q9Y5B8,1
Q9BT92,P19012,1
Q9BT92,Q15834,1
Q96NE9,Q9Y3Q8,1
Q16799,Q9H8W4,1
Q00796,Q00796,1
P84101,Q93062,1
Q8TBE0,Q92997,1
Q8TBE0,Q9BUH8,1
Q8TBE0,Q9BQ66,1
Q9NP66,Q9NP66,1
O60637,Q01844,1
Q8N5R6,P38159,1
Q8N5R6,Q96BR9,1
Q8N5R6,Q9Y3Q8,1
Q8N5R6,O60232,1
Q8N5R6,Q15834,1
Q8N5R6,O14964,1
Q8N5R6,O15162,1
Q8N5R6,Q96KQ7,1
Q8N5R6,O95073,1
O60936,O60936,1
O60936,Q9NVF9,1
O60936,Q9GZT8,1
O60936,P78324,1
Q9NX65,Q9NX65,1
Q9NX65,P57086,1
Q9NX65,P17028,1
Q9NX65,Q9P0L1,1
Q9BQ70,P43364,1
P38919,Q6PII3,1
P48730,Q92997,1
Q13485,Q01844,1
P83876,Q8TAI7,1
P08651,Q9H0I9,1
P08651,Q96J77,1
P08651,Q9P0L1,1
P17858,Q9BQ66,1
Q99961,Q99961,1
Q9H840,Q8WXD5,1
O00160,Q01844,1
Q96CN4,Q6ZVK8,1
Q8WTR7,Q8WV44,1
Q8WTR7,O95125,1
Q96D15,Q8IV36,1
Q8TAB5,Q5SW79,1
Q8TAB5,P19012,1
Q6P1W5,Q93062,1
Q6P1W5,Q8NDC0,1
Q6P1W5,Q15038,1
O00444,O00444,1
O00444,P31947,1
O00444,Q5VWP2,1
Q9H094,Q01844,1
Q9H094,Q8WW01,1
Q96MA1,P55345,1
Q96MA1,Q14005,1
Q96MA1,Q01844,1
Q96MA1,Q9GZT8,1
Q96MA1,Q9NZQ3,1
Q15427,O75177,1
Q15427,Q9Y4C2,1
Q6UY14,Q6UY11,1
Q6UY14,Q8NEC5,1
Q6UY14,Q13643,1
Q6UY14,O15162,1
Q6UY14,Q9BQ66,1
O00165,O00303,1
Q12905,P26641,1
Q5SW79,Q5SW79,1
Q5SW79,Q96HB5,1
Q5SW79,Q86SE5,1
P24666,Q9UHJ3,1
P62979,Q15038,1
P62308,Q96D03,1
O76071,Q9Y3D0,1
O76071,Q9H5X1,1
O76071,Q96M83,1
Q9Y3C4,Q96S44,1
Q96IJ6,Q9Y5P6,1
P27658,O95967,1
P27658,Q9BQ66,1
Q6UN15,O95639,1
Q96CG3,Q9GZT8,1
Q96CG3,Q6ZVK8,1
P81877,Q01844,1
P81877,Q86U70,1
Q93088,Q93088,1
O94817,Q05397,1
O94817,O15162,1
O94817,Q9BQ66,1
Q15025,Q96M61,1
Q96G75,Q01844,1
Q16558,Q01844,1
Q9Y247,Q15834,1
Q8WV44,Q96BR9,1
Q96PV7,O95751,1
O00221,P14923,1
Q15007,P43364,1
Q9BRJ6,Q15834,1
Q15233,Q15233,1
Q15233,Q9H8W4,1
Q96HB5,P19012,1
Q96HB5,Q15834,1
Q96HB5,Q15038,1
O15294,Q9H1M0,1
P60891,P60891,1
P60891,Q14558,1
P38159,P61978,1
P38159,Q9BTL3,1
Q969F0,Q96D59,1
P43358,P14927,1
P43358,Q8WW24,1
P43358,Q86WT6,1
O60496,Q96EK5,1
O15372,Q15834,1
Q9Y6M9,P43364,1
P42772,P43364,1
Q9NRF9,Q14919,1
Q9NR46,Q5M9N0,1
Q9NR46,P43355,1
Q8NE31,Q15834,1
P47804,Q96EK5,1
Q96GX9,Q96GX9,1
Q96GX9,Q6ZVK8,1
Q9H6J7,O94989,1
Q9H8E8,Q9NS73,1
Q8N684,P55345,1
Q8N684,O43809,1
Q8N684,Q96CN9,1
Q8N684,Q01844,1
Q86V42,P98175,1
Q86V42,P49910,1
P48643,O60232,1
Q03393,Q03393,1
Q969X0,Q969X0,1
P0CG48,Q15038,1
P06730,Q13541,1
Q9NS73,Q9NS73,1
Q9NS73,P33993,1
Q9NS73,Q9GZM8,1
Q9NS73,Q15834,1
Q9NS73,Q9H8W4,1
Q9NS73,Q96MT8,1
Q9NS73,P61964,1
Q9H9C1,Q9H267,1
Q12929,Q12929,1
Q12929,Q15834,1
Q12929,Q9UQB8,1
Q12929,O15482,1
Q8N6V9,Q8NEF3,1
Q8N6R1,P12277,1
Q8N6R1,Q01844,1
P48775,O95671,1
O95817,Q9UJY1,1
O95817,Q15038,1
Q9UJY1,Q9UBY9,1
Q86YM7,Q9BW04,1
Q9H5I1,Q01844,1
Q8N131,P43364,1
Q03014,O95967,1
Q03014,Q9BQ66,1
Q6PKC3,P19012,1
Q8TDX5,P43364,1
P49247,P49247,1
P49247,Q96HA8,1
P49247,Q9GZT8,1
Q9UEE9,Q01844,1
P53567,P35638,1
P53567,Q6EEV4,1
P53567,P55198,1
Q96AP4,Q8NEM2,1
Q9UKF7,Q6RW13,1
Q96PP8,Q96PP8,1
O14604,Q01844,1
P78310,Q01844,1
Q9NYK6,Q15834,1
Q96BD8,Q8NCU1,1
Q96ME1,O15162,1
Q96ME1,Q9BQ66,1
Q8TBK6,Q7Z7J5,1
Q8TBK6,Q96MF2,1
P08134,Q07960,1
Q96GT9,Q96KQ7,1
Q8N371,Q99447,1
Q53TS8,O60232,1
Q53TS8,Q15834,1
O43513,O14964,1
Q16520,O75971,1
Q16520,P35638,1
P57077,Q8N5C8,1
P14927,P43355,1
Q9BVJ6,Q15834,1
Q9BVJ6,O95751,1
Q96HA8,P00492,1
Q96HA8,P61457,1
Q96HA8,Q16637,1
Q96HA8,P14923,1
Q96HA8,P31947,1
Q96HA8,Q9H773,1
Q96HA8,P15531,1
O43924,P54725,1
O43924,P36404,1
Q93062,Q93062,1
Q93062,Q9NQ87,1
Q93062,Q14296,1
Q93062,Q96SI9,1
Q93062,Q15637,1
Q93062,Q9BTL3,1
Q93062,P17482,1
Q93062,Q9P0T4,1
Q93062,Q96LM6,1
Q93062,O43638,1
Q93062,Q01844,1
Q93062,Q15038,1
Q93062,Q96HA1,1
Q93062,Q3YEC7,1
Q93062,Q8TC90,1
Q93062,Q8WWR8,1
Q9NVZ3,O15162,1
Q6ZW49,Q96BR9,1
Q96LJ7,O15162,1
Q99576,Q9H8W4,1
Q96L94,Q92997,1
Q5T124,Q8IYR0,1
Q5T124,Q8IYR0,1
Q8TCX5,P19012,1
Q8TCX5,O95967,1
Q969E8,P62854,1
Q8WV99,Q15038,1
O14576,Q96FJ2,1
Q8N554,Q96BR9,1
Q969U6,Q9BQ66,1
P19237,Q15834,1
Q9H832,Q9H8W4,1
Q96H20,Q9GZT8,1
Q9HC44,Q9H8W4,1
Q9HC44,Q01844,1
O00273,Q01844,1
Q96BR9,Q96BR9,1
Q96BR9,Q96CW1,1
Q96BR9,Q9H9D4,1
Q96BR9,P15622,1
Q96BR9,P10074,1
Q96BR9,Q96JP2,1
O76083,O76083,1
O76083,Q96FC7,1
P35520,P35520,1
P35520,Q8IV36,1
P04271,P23297,1
Q86YR5,Q5M9N0,1
Q86YR5,Q15038,1
Q86YR5,O96006,1
P23297,P23297,1
P23297,P25815,1
P23297,P26447,1
P23297,Q9GZT8,1
Q8NFF5,Q8NFF5,1
Q13501,P54725,1
Q8IYX3,Q15834,1
Q8IYX3,Q9BQ66,1
Q92997,Q7Z7J5,1
Q92997,Q9H9D4,1
Q92997,Q8WVP5,1
Q92997,P10074,1
Q96CW1,Q7Z7J5,1
Q96CW1,Q13422,1
Q9UHR5,Q9UHX1,1
Q14558,Q14558,1
Q14558,Q9H8W4,1
Q8N6L0,Q9NVE4,1
Q8NFT6,Q9BQ66,1
Q96M95,Q9Y3Q8,1
Q7L4P6,Q9NSA3,1
P26378,Q01844,1
O95154,O95154,1
Q9UBV8,Q15038,1
Q9UBV8,O75340,1
Q9UNH6,P43364,1
Q9Y577,Q9HCM9,1
Q9C005,Q9C005,1
Q9C005,Q8WWB3,1
Q8NEG5,P43364,1
P62760,Q96AQ9,1
Q8WW24,P19012,1
Q96HC4,Q9HCM9,1
Q9BWG6,Q15834,1
Q15906,Q15834,1
Q15906,Q01844,1
Q9UKI2,Q9UKI2,1
P49901,O15162,1
P49901,Q9BQ66,1
Q96AQ6,Q7Z7J5,1
Q96AQ6,Q15834,1
Q9H869,Q01844,1
P49368,O60232,1
Q7Z7J5,Q7Z7J5,1
Q7Z7J5,Q96BY2,1
Q7Z7J5,Q9C0A6,1
Q7Z7J5,P15622,1
Q8N488,Q06587,1
Q96N46,Q15834,1
Q5M9N0,Q96ES7,1
P46976,Q96HA1,1
Q9NYG2,Q01844,1
Q5D1E8,Q9NZD4,1
Q9HAF1,Q15834,1
P13798,P13798,1
P13798,P53990,1
Q13257,Q9Y3Q8,1
Q9C0F1,Q8NA61,1
Q9C0F1,Q96EZ8,1
Q9C0F1,P15622,1
Q8NEF3,Q96LR2,1
Q8NEF3,Q15834,1
Q8WVY7,Q9Y3Q8,1
Q8WVY7,Q13200,1
Q8N6K7,O15287,1
O95391,Q15834,1
O95391,Q9H2H8,1
Q96LL4,Q15834,1
P55040,Q9NR12,1
P00352,P00352,1
Q5VSY0,O14964,1
P61978,P61978,1
Q96L11,P10074,1
P09467,P09467,1
P09467,Q96D59,1
P51808,P51808,1
Q96D59,Q01844,1
Q05D60,Q15834,1
P57739,Q9BQ66,1
Q9Y281,P63261,1
Q9NTK1,P08727,1
Q9NTK1,P19012,1
Q9NTK1,Q15834,1
Q9NTK1,O15162,1
Q8N7W2,Q9GZT8,1
P30048,P43364,1
Q16206,P43364,1
Q969J3,Q9UHX1,1
Q96E35,Q8WZ19,1
Q9Y467,Q01844,1
Q9HAC8,Q9HCM9,1
Q96BY2,Q15834,1
Q96BY2,Q9H213,1
Q9NWT6,Q8TES7,1
Q9NWT6,Q8WXK3,1
Q9UGP5,O95751,1
Q9BVM2,Q9Y230,1
P61457,P61457,1
P61457,Q9GZT8,1
P61457,Q6ZVK8,1
Q96S99,Q96EK5,1
Q13418,Q9NVD7,1
P33993,Q9Y5S9,1
Q9GZM8,P43364,1
Q00994,Q15834,1
Q8IVL1,Q8WYH8,1
Q8IYD9,P43364,1
Q9Y3Q8,Q15078,1
Q9Y3Q8,Q9BVI4,1
Q9Y3Q8,Q9GZT8,1
Q9Y3Q8,P63244,1
Q9Y3Q8,Q9UK33,1
O95273,Q9HCZ1,1
Q9H8T0,P56545,1
Q15555,Q15555,1
Q15555,Q9GZT8,1
O43809,O43809,1
O43809,Q9GZT8,1
P40426,Q6RW13,1
Q08379,P15622,1
Q08379,Q96HA1,1
P46108,O43683,1
P46108,O15162,1
Q7Z614,P43364,1
Q96PV6,Q16637,1
P49821,Q01844,1
Q8IV36,Q9BUH8,1
Q66K89,Q96KQ7,1
Q8TBN0,Q8TBN0,1
Q8TBN0,Q6ZVK8,1
Q96G97,Q9BZL3,1
Q8N1L9,Q15038,1
Q15637,O15162,1
Q15637,O00308,1
Q9C0A6,Q15834,1
Q8NDC0,Q8NDC0,1
Q8NDC0,Q01844,1
Q8NDC0,O75340,1
O95990,P08727,1
O95990,P19012,1
O95990,O95967,1
O95990,Q15834,1
O95990,O95751,1
O95990,Q9BUH8,1
O95990,Q9BQ66,1
Q15019,Q15038,1
Q03518,Q9BQ66,1
O95810,Q9H8W4,1
O95810,Q6ZVK8,1
O15062,Q15834,1
O75461,Q14186,1
O95671,O95671,1
P12236,O15162,1
P12236,Q9BQ66,1
O43298,Q8TAU3,1
O43298,Q8IYF1,1
Q96QU8,P37198,1
Q9UBZ4,O95967,1
Q9UBZ4,Q15834,1
Q9BTL3,O15162,1
O43683,O95376,1
P49327,Q01844,1
P48059,Q96KQ7,1
Q16851,Q16851,1
Q16851,O95376,1
Q96FE5,O95967,1
Q96FE5,Q9BQ66,1
Q96H86,Q15834,1
Q96H86,O15162,1
Q96H86,Q9BQ66,1
P61981,Q6ZU52,1
P0CG47,Q15038,1
P17482,Q9BQ66,1
Q8IUF8,Q8IUF8,1
P62310,Q969L4,1
P62310,Q9Y333,1
O15217,O15217,1
O75528,Q96ES7,1
Q9BUW7,P35900,1
P57086,P17028,1
P57086,Q9P0L1,1
P57086,P49910,1
P17275,P15407,1
Q8NDP4,Q9BQ66,1
Q8IYI8,Q9BQ66,1
P08727,P19012,1
P08727,O14964,1
P08727,P04259,1
P08727,O15287,1
P19012,P35900,1
P19012,Q96ES7,1
P19012,Q8N715,1
P19012,O95751,1
P19012,Q9BVI4,1
P19012,P04259,1
P19012,Q6ZU52,1
P19012,Q9GZT8,1
P19012,Q7LC44,1
P19012,P02538,1
P19012,Q14533,1
P19012,Q6ZVK8,1
Q96LR2,Q8N8B7,1
Q96LR2,Q8N715,1
Q96LR2,Q9BT49,1
Q96LR2,O14964,1
Q9P0T4,Q15038,1
Q9P0T4,O15162,1
Q9P0T4,Q9BQ66,1
P35900,P35900,1
P35900,Q15834,1
P35900,O43663,1
O15160,P0DPB6,1
O15160,P15531,1
Q6UY11,O15162,1
Q6UY11,Q9BQ66,1
Q15560,P43364,1
Q5T0L3,Q15834,1
Q16637,Q16637,1
Q96LM6,P43364,1
P35613,Q9NR12,1
Q14005,O95967,1
Q14005,O60232,1
Q96M91,Q15834,1
Q9NPC6,Q01844,1
O95967,Q8NEC5,1
O95967,Q9HB75,1
O95967,O15162,1
O95967,Q96EQ0,1
O95967,Q9Y4C2,1
O95967,P46379,1
O95967,P29972,1
P23528,P63261,1
Q96AX2,Q01844,1
Q6IA69,Q96JP2,1
O60232,O60232,1
O60232,Q9BVI4,1
O60232,Q96JP2,1
Q8TAU3,Q15834,1
Q8TAU3,Q9BUH8,1
Q8TAU3,Q9BQ66,1
P14923,Q9NSA3,1
Q14781,Q9BQ66,1
Q8NA61,Q8NA61,1
O75971,P46736,1
Q8WZ19,Q6ZVK8,1
P56545,Q15583,1
P56545,P48552,1
P35638,Q9BTE3,1
Q9H9D4,O95751,1
Q9H9D4,Q86SE5,1
Q9H9D4,Q9BQ66,1
O43916,P31947,1
Q8NEC5,Q9BUH8,1
Q8NEC5,Q9BQ66,1
Q8IUZ5,Q8IUZ5,1
Q49A88,P43364,1
Q14919,Q9HBM6,1
Q14919,Q16594,1
P15407,O95751,1
Q15834,Q9H8W4,1
Q15834,Q8N8B7,1
Q15834,Q9HB75,1
Q15834,P62875,1
Q15834,Q8N715,1
Q15834,Q96CN9,1
Q15834,P48552,1
Q15834,O95751,1
Q15834,Q9UPT5,1
Q15834,Q12874,1
Q15834,Q9BT49,1
Q15834,Q86SE5,1
Q15834,Q9UJ04,1
Q15834,Q96EZ8,1
Q15834,Q9H257,1
Q15834,Q8TES7,1
Q15834,Q6ZU52,1
Q15834,P15622,1
Q15834,Q9GZT8,1
Q15834,P49910,1
Q15834,Q15561,1
Q15834,Q02040,1
Q15834,O43663,1
Q15834,O95872,1
Q15834,P02538,1
Q15834,Q7L8L6,1
Q15834,P29972,1
Q15834,Q9NXE8,1
P31947,Q9H8W4,1
P31947,Q12788,1
P31947,Q6ZU52,1
P31947,O60269,1
Q9UQB8,Q9NZQ3,1
Q9NQ32,Q01844,1
Q12983,Q12983,1
Q12983,P17152,1
P49760,P49761,1
Q8N8B7,P43364,1
Q8N8B7,Q9P0L1,1
Q8N8B7,O95073,1
Q6RW13,Q6RW13,1
Q9NP98,P43364,1
P58340,P43364,1
Q9NNW5,Q9H3Q1,1
Q8N715,P43364,1
Q8N715,Q9NR12,1
Q8N715,Q9BQ66,1
O60682,Q01844,1
Q96HT8,Q9UBU8,1
P54725,Q01844,1
Q8NDB6,P43364,1
Q96CN9,Q8TES7,1
Q9UHX1,Q9UHX1,1
Q9H773,Q9H773,1
Q9H773,Q9GZT8,1
Q8WYJ6,Q8WYJ6,1
Q8WVF5,Q8WVF5,1
P48552,O95751,1
P41226,P05161,1
O95751,O14964,1
O95751,P15622,1
O95751,Q9NY61,1
Q9UPT5,O14964,1
P56277,Q01844,1
Q01844,O75438,1
Q01844,Q86SE5,1
Q01844,P43364,1
Q01844,Q96AQ9,1
Q01844,O15162,1
Q01844,Q96JN0,1
Q01844,Q96CW9,1
Q01844,Q14576,1
Q01844,P49910,1
Q01844,Q8N4F4,1
Q01844,P23276,1
Q01844,O00308,1
Q01844,Q9Y676,1
Q01844,Q8N6Q3,1
Q01844,Q96M83,1
Q01844,Q96FJ2,1
Q9UBX3,Q9BQ66,1
Q9BUH8,O14964,1
Q9BUH8,Q6ZU52,1
Q9BUH8,P15622,1
Q9BUH8,P14373,1
Q15038,Q15038,1
Q15038,Q5VWP2,1
Q15038,Q9BVI4,1
Q15038,O14964,1
Q15038,O15162,1
Q15038,Q9H0X6,1
Q15038,Q9NY61,1
Q13643,Q8HWS3,1
P63261,P63261,1
O75177,Q8HWS3,1
Q9BT49,Q96KQ7,1
Q9BT49,Q9BQ66,1
Q86SE5,Q86SE5,1
Q86SE5,Q96EZ8,1
Q9BVI4,O15162,1
Q9UMW8,P05161,1
P43364,P0DPB6,1
P43364,Q96EZ8,1
P43364,Q6ZU52,1
P43364,P42330,1
P43364,Q9GZT8,1
P43364,Q8N720,1
P43364,P14373,1
P43364,Q9BW11,1
O14964,Q96KQ7,1
Q96MF2,Q96MF2,1
Q96MF2,Q07869,1
O15360,O15287,1
Q9H257,Q6ZU52,1
Q9NRY6,O15162,1
O15162,Q8TC90,1
O15162,Q9UQ90,1
O15162,Q5T681,1
O15162,Q8WWR8,1
O15162,O60269,1
O15162,Q9BQ66,1
Q96FQ6,Q9HCY8,1
Q8TES7,P14373,1
P49789,P49789,1
P15622,P49910,1
P15622,Q9BQ66,1
Q96JN0,Q96KQ7,1
P62937,Q9NZ81,1
Q9GZT8,Q9GZT8,1
Q9GZT8,O96006,1
P0DI81,O96006,1
P29034,P29034,1
Q9NR12,P49910,1
Q9NR12,O00308,1
P49910,Q8IYF1,1
P49910,Q9BQ66,1
Q8N720,Q9BQ66,1
Q96AT9,Q96AT9,1
Q9UQ90,Q9BQ66,1
Q9HCN4,O96006,1
Q8N5I3,Q8N5I3,1
Q9UKI8,Q9UKI8,1
P43355,Q9BZY9,1
Q96EK5,Q9BS34,1
Q5T681,Q9BQ66,1
O60269,Q9BQ66,1
O60269,Q96FJ2,1
Q9HCM9,Q9HCM9,1
Q9NZ81,Q9BQ66,1
Q8IYF1,Q9BQ66,1
Q9BYR7,Q9BQ66,1
Q9UK33,O95073,1
Q9BQ66,Q9BQ66,1
Q9BQ66,P62857,1
Q9BQ66,P29972,1
Q9BQ66,Q6ZVK8,1
P49674,O95073,1
O96006,O15287,1
O96006,P0DI82,1
O96006,Q6ZVK8,1
P15531,P15531,1
Q03154,Q03154,1
O75340,O75340,1
O95073,O95073,1
O95073,Q96JP2,1
O95073,Q5U045,1
